<?xml version="1.0" encoding="UTF-8"?>
<itop_design xmlns:xsi="http://www.w3.org/2001/XMLSchema-instance" version="1.6">
	<classes>
		<class id="MailInboxStandard" _delta="define">
			<parent>MailInboxBase</parent>
			<properties>
				<category>searchable,view_in_gui,bizmodel</category>
				<abstract>false</abstract>
				<key_type>autoincrement</key_type>
				<db_table>mailinbox_standard</db_table>
				<db_key_field>id</db_key_field>
				<db_final_class_field>realclass</db_final_class_field>
				<naming>
					<format>%1$s</format>
					<attributes>
						<attribute id="login"/>
					</attributes>
				</naming>
				<display_template/>
				<icon>images/mailbox.png</icon>
				<reconciliation>
					<attributes>
						<attribute id="server"/>
						<attribute id="login"/>
						<attribute id="protocol"/>
						<attribute id="mailbox"/>
						<attribute id="port"/>
					</attributes>
				</reconciliation>
			</properties>
			<fields>
				<field id="behavior" xsi:type="AttributeEnum">
					<values>
						<value>create_only</value>
						<value>update_only</value>
						<value>both</value>
					</values>
					<sql>behavior</sql>
					<default_value>both</default_value>
					<is_null_allowed>false</is_null_allowed>
				</field>
				<field id="target_class" xsi:type="AttributeString">
					<sql>target_class</sql>
					<default_value>UserRequest</default_value>
					<is_null_allowed>false</is_null_allowed>
				</field>
				<field id="ticket_default_values" xsi:type="AttributeText">
					<sql>ticket_default_values</sql>
					<default_value/>
					<is_null_allowed>true</is_null_allowed>
				</field> 
				<field id="title_pattern" xsi:type="AttributeString">
					<sql>title_pattern</sql>
					<default_value/>
					<is_null_allowed>true</is_null_allowed>
				</field>

				<field id="error_behavior" xsi:type="AttributeEnum">
					<values>
						<value>delete</value>
						<value>mark_as_error</value>
					</values>
					<sql>error_behavior</sql>
					<default_value>mark_as_error</default_value>
					<is_null_allowed>false</is_null_allowed>
				</field>
				<field id="notify_errors_to" xsi:type="AttributeEmailAddress">
					<sql>notify_errors_to</sql>
					<default_value/>
					<is_null_allowed>true</is_null_allowed>
				</field>

				<field id="notify_from" xsi:type="AttributeEmailAddress">
					<sql>notify_from</sql>
					<default_value/>
					<is_null_allowed>true</is_null_allowed>
				</field>
				<field id="mail_aliases" xsi:type="AttributeText">
					<sql>mail_aliases</sql>
					<default_value></default_value>
					<is_null_allowed>false</is_null_allowed>
				</field>


				<field id="trace" xsi:type="AttributeEnum">
					<values>
						<value>yes</value>
						<value>no</value>
					</values>
					<sql>trace</sql>
					<default_value>no</default_value>
					<is_null_allowed>false</is_null_allowed>
				</field>
				<field id="debug_trace" xsi:type="AttributeLongText">
					<sql>debug_trace</sql>
					<default_value/>
					<is_null_allowed>true</is_null_allowed>
				</field>
				<field id="email_storage" xsi:type="AttributeEnum">
					<values>
						<value>keep</value>
						<value>delete</value>
					</values>
					<sql>email_storage</sql>
					<default_value>keep</default_value>
					<is_null_allowed>false</is_null_allowed>
				</field>

				<field id="stimuli" xsi:type="AttributeText">
					<sql>stimuli</sql>
					<default_value/>
					<is_null_allowed>true</is_null_allowed>
				</field>		

				<!-- All policy options -->

				<!-- Mail size (attachments) too big -->
				<field id="policy_mail_size_too_big_behavior" xsi:type="AttributeEnum">
					<values>								
						<value>mark_as_undesired</value> 
						<value>delete</value> 
						<value>bounce_delete</value> 
						<value>bounce_mark_as_undesired</value>
					</values>
					<sql>policy_mail_size_too_big_behavior</sql>
					<default_value>bounce_delete</default_value>
					<is_null_allowed>false</is_null_allowed>
				</field>
				<field id="policy_mail_size_too_big_subject" xsi:type="AttributeString">
					<sql>policy_mail_size_too_big_subject</sql>
					<default_value/>
					<is_null_allowed>true</is_null_allowed>
				</field>
				<field id="policy_mail_size_too_big_notification" xsi:type="AttributeHTML">
					<sql>policy_mail_size_too_big_notification</sql>
					<default_value/>
					<is_null_allowed>true</is_null_allowed>
				</field>
				<field id="policy_mail_size_too_big_max_size_MB" xsi:type="AttributeString">
					<sql>policy_mail_size_too_big_max_size_MB</sql> 
					<default_value>10</default_value>
					<is_null_allowed>false</is_null_allowed>
				</field>


				<!-- Forbidden mail attachments -->
				<field id="policy_forbidden_attachments_behavior" xsi:type="AttributeEnum">
					<values>
						<value>fallback</value>
						<value>mark_as_undesired</value>
						<value>delete</value> 
						<value>bounce_delete</value> 
						<value>bounce_mark_as_undesired</value>
					</values>
					<sql>policy_forbidden_attachments_behavior</sql>
					<default_value>bounce_delete</default_value>
					<is_null_allowed>false</is_null_allowed>
				</field>
				<field id="policy_forbidden_attachments_subject" xsi:type="AttributeString">
					<sql>policy_forbidden_attachments_subject</sql>
					<default_value/>
					<is_null_allowed>true</is_null_allowed>
				</field>
				<field id="policy_forbidden_attachments_notification" xsi:type="AttributeHTML">
					<sql>policy_forbidden_attachments_notification</sql>
					<default_value/>
					<is_null_allowed>true</is_null_allowed>
				</field>
				<field id="policy_forbidden_attachments_mimetypes" xsi:type="AttributeText">
					<sql>policy_forbidden_attachments_mimetypes</sql>
					<default_value>application/exe</default_value>
					<is_null_allowed>true</is_null_allowed>
				</field>


				<!-- No subject. -->
				<!-- option: create (ticket) with default title -->
				<field id="policy_no_subject_behavior" xsi:type="AttributeEnum">
					<values>
						<value>fallback</value><!-- use default subject -->
						<value>mark_as_undesired</value>
						<value>delete</value> 
						<value>bounce_delete</value>
						<value>bounce_mark_as_undesired</value> 
					</values>
					<sql>policy_no_subject_behavior</sql>
					<default_value>fallback</default_value>
					<is_null_allowed>false</is_null_allowed>
				</field>
				<field id="policy_no_subject_subject" xsi:type="AttributeString">
					<sql>policy_no_subject_subject</sql>
					<default_value/>
					<is_null_allowed>true</is_null_allowed>
				</field>
				<field id="policy_no_subject_notification" xsi:type="AttributeHTML">
					<sql>policy_no_subject_notification</sql>
					<default_value/>
					<is_null_allowed>true</is_null_allowed>
				</field>
				<field id="policy_no_subject_default_value" xsi:type="AttributeString">
					<sql>policy_no_subject_default_value</sql>
					<default_value/>
					<is_null_allowed>true</is_null_allowed>
				</field>


				<!-- Unknown callers -->
				<!-- option: create (with default values) -->
				<field id="policy_unknown_caller_behavior" xsi:type="AttributeEnum">
					<values>
						<value>fallback</value><!-- create contact -->
						<value>mark_as_undesired</value>
						<value>delete</value> 
						<value>bounce_delete</value>
						<value>bounce_mark_as_undesired</value> 
					</values>
					<sql>policy_unknown_caller_behavior</sql>
					<default_value>bounce_delete</default_value>
					<is_null_allowed>false</is_null_allowed>
				</field>
				<field id="policy_unknown_caller_subject" xsi:type="AttributeString">
					<sql>policy_unknown_caller_subject</sql>
					<default_value/>
					<is_null_allowed>true</is_null_allowed>
				</field>
				<field id="policy_unknown_caller_notification" xsi:type="AttributeHTML">
					<sql>policy_unknown_caller_notification</sql>
					<default_value/>
					<is_null_allowed>true</is_null_allowed>
				</field>
				<field id="policy_unknown_caller_default_values" xsi:type="AttributeText">
					<sql>policy_unknown_caller_default_values</sql>
					<default_value/>
					<is_null_allowed>true</is_null_allowed>
				</field>



				<!-- Additional contacts -->
				<!-- Option: ignore all, create/add all -->
				<field id="policy_other_recipients_behavior" xsi:type="AttributeEnum">
					<values>
						<value>add_existing_contacts</value>
						<value>add_all_contacts</value>
						<value>ignore_all_contacts</value>
						<value>mark_as_undesired</value>
						<value>delete</value> 
						<value>bounce_delete</value>
						<value>bounce_mark_as_undesired</value> 
					</values>
					<sql>policy_other_recipients_behavior</sql>
					<default_value>bounce_delete</default_value>
					<is_null_allowed>false</is_null_allowed>
				</field>
				<field id="policy_other_recipients_subject" xsi:type="AttributeString">
					<sql>policy_other_recipients_subject</sql>
					<default_value/>
					<is_null_allowed>true</is_null_allowed>
				</field>
				<field id="policy_other_recipients_notification" xsi:type="AttributeHTML">
					<sql>policy_other_recipients_notification</sql>
					<default_value/>
					<is_null_allowed>true</is_null_allowed>
				</field>
				<field id="policy_other_recipients_default_values" xsi:type="AttributeText">
					<sql>policy_other_recipients_default_values</sql>
					<default_value/>
					<is_null_allowed>true</is_null_allowed>
				</field>


				<!-- Reference to closed ticket -->
				<field id="policy_ticket_closed_behavior" xsi:type="AttributeEnum">
					<values>
						<value>fallback</value><!-- reopen -->
						<value>mark_as_undesired</value>
						<value>delete</value> 
						<value>bounce_delete</value>
						<value>bounce_mark_as_undesired</value> 
					</values>
					<sql>policy_ticket_closed_behavior</sql>
					<default_value>bounce_delete</default_value>
					<is_null_allowed>false</is_null_allowed>
				</field>
				<field id="policy_ticket_closed_subject" xsi:type="AttributeString">
					<sql>policy_ticket_closed_subject</sql>
					<default_value/>
					<is_null_allowed>true</is_null_allowed>
				</field>
				<field id="policy_ticket_closed_notification" xsi:type="AttributeHTML">
					<sql>policy_ticket_closed_notification</sql>
					<default_value/>
					<is_null_allowed>true</is_null_allowed>
				</field>

				<!-- Reference to resolved ticket -->
				<field id="policy_ticket_resolved_behavior" xsi:type="AttributeEnum">
					<values>
						<value>fallback</value><!-- reopen -->
						<value>mark_as_undesired</value>
						<value>delete</value> 
						<value>bounce_delete</value>
						<value>bounce_mark_as_undesired</value> 
					</values>
					<sql>policy_ticket_resolved_behavior</sql>
					<default_value>bounce_delete</default_value>
					<is_null_allowed>false</is_null_allowed>
				</field>
				<field id="policy_ticket_resolved_subject" xsi:type="AttributeString">
					<sql>policy_ticket_resolved_subject</sql>
					<default_value/>
					<is_null_allowed>true</is_null_allowed>
				</field>
				<field id="policy_ticket_resolved_notification" xsi:type="AttributeHTML">
					<sql>policy_ticket_resolved_notification</sql>
					<default_value/>
					<is_null_allowed>true</is_null_allowed>
				</field>

				<!-- Reference to non-existing ticket -->
				<field id="policy_ticket_unknown_behavior" xsi:type="AttributeEnum">
					<values> 
						<value>mark_as_undesired</value>
						<value>delete</value> 
						<value>bounce_delete</value>
						<value>bounce_mark_as_undesired</value> 
					</values>
					<sql>policy_ticket_unknown_behavior</sql>
					<default_value>bounce_delete</default_value>
					<is_null_allowed>false</is_null_allowed>
				</field>
				<field id="policy_ticket_unknown_subject" xsi:type="AttributeString">
					<sql>policy_ticket_unknown_subject</sql>
					<default_value/>
					<is_null_allowed>true</is_null_allowed>
				</field>
				<field id="policy_ticket_unknown_notification" xsi:type="AttributeHTML">
					<sql>policy_ticket_unknown_notification</sql>
					<default_value/>
					<is_null_allowed>true</is_null_allowed>
				</field>

				<!-- Undesired pattern -->
				<!-- option: specify undesired pattern here instead of in settings file. -->
				<field id="policy_undesired_pattern_behavior" xsi:type="AttributeEnum">
					<values> 
						<value>mark_as_undesired</value>
						<value>delete</value> 
						<value>bounce_delete</value>
						<value>bounce_mark_as_undesired</value> 
					</values>
					<sql>policy_undesired_pattern_behavior</sql>
					<default_value>delete</default_value>
					<is_null_allowed>false</is_null_allowed>
				</field>
				<field id="policy_undesired_pattern_subject" xsi:type="AttributeString">
					<sql>policy_undesired_pattern_subject</sql>
					<default_value/>
					<is_null_allowed>true</is_null_allowed>
				</field>
				<field id="policy_undesired_pattern_notification" xsi:type="AttributeHTML">
					<sql>policy_undesired_pattern_notification</sql>
					<default_value/>
					<is_null_allowed>true</is_null_allowed>
				</field>
				<field id="policy_undesired_pattern_patterns" xsi:type="AttributeText">
					<sql>policy_undesired_pattern_patterns</sql>
					<default_value/>
					<is_null_allowed>true</is_null_allowed>
				</field>

				<!-- Remove pattern -->
				<!-- option: specify patterns to remove from the title. -->
				<field id="policy_remove_pattern_behavior" xsi:type="AttributeEnum">
					<values> 
						<value>ignore</value>
						<value>delete</value> 
					</values>
					<sql>policy_remove_pattern_behavior</sql>
					<default_value>ignore</default_value>
					<is_null_allowed>false</is_null_allowed>
				</field> 
				<field id="policy_remove_pattern_patterns" xsi:type="AttributeText">
					<sql>policy_remove_pattern_patterns</sql>
					<default_value/>
					<is_null_allowed>true</is_null_allowed>
				</field>



			</fields>

			<methods>
				<method id="DisplayBareRelations">
					<comment>/**
	 * Add an extra tab showing the debug trace
	 * @see cmdbAbstractObject::DisplayBareRelations()
	 */</comment>
					<static>false</static>
					<access>public</access>
					<type>Overload-cmdbAbstractObject</type>
					<code><![CDATA[	function DisplayBareRelations(WebPage $oPage, $bEditMode = false)
	{
		parent::DisplayBareRelations($oPage, $bEditMode);
		if (!$bEditMode)
		{
			$oPage->SetCurrentTab(Dict::S('MailInboxStandard:DebugTrace'));
			$sAjaxUrl = addslashes(utils::GetAbsoluteUrlModulesRoot().basename(dirname(__FILE__)).'/ajax.php');
			$iId = $this->GetKey();
			if ($this->Get('trace') == 'yes')
			{
				$oPage->add('<p><button type="button" id="debug_trace_refresh">'.Dict::S('UI:Button:Refresh').'</button></p>');
				$oPage->add('<div id="debug_trace_output"></div>');
				$oPage->add_ready_script(
<<<EOF
$('#debug_trace_refresh').click(function() {
	$('#debug_trace_output').html('<img src="../images/indicator.gif"/>');
	$.post('$sAjaxUrl', {operation: 'debug_trace', id: $iId }, function(data) {
		$('#debug_trace_output').html(data);
	});
});
$('#debug_trace_refresh').trigger('click');
EOF
				);
			}
			else
			{
				$oPage->add('<div id="debug_trace_output"><p>'.Dict::S('MailInboxStandard:DebugTraceNotActive').'</p></div>');
			}
		}
	}]]></code>
				</method>
				<method id="Trace">
					<comment>/**
	 * Debug trace: activated/disabled by the configuration flag set for the base module...
	 * @param string $sText
	 */</comment>
					<static>false</static>
					<access>protected</access>
					<type>Overload-cmdbAbstractObject</type>
					<code><![CDATA[	protected function Trace($sText)
	{
		parent::Trace($sText);
		$iMaxTraceLength = 500*1024; // Maximum size of the Trace to keep in the database...
		
		if ($this->Get('trace') == 'yes')
		{
			$sStampedText = date('Y-m-d H:i:s').' - '.$sText."\n";
			$this->Set('debug_trace', $sStampedText.substr($this->Get('debug_trace'), 0, $iMaxTraceLength));

			// Creating a CMDBChange is no longer needed in 2.0, but let's keep doing it for compatibility with 1.x
			$oMyChange = MetaModel::NewObject("CMDBChange");
			$oMyChange->Set("date", time());
			$sUserString = CMDBChange::GetCurrentUserName();
			$oMyChange->Set("userinfo", $sUserString);
			$iChangeId = $oMyChange->DBInsert();
			$this->DBUpdateTracked($oMyChange);
		}
	}]]></code>
				</method>
				<method id="RecordAttChanges">
					<static>false</static>
					<access>protected</access>
					<type>Overload-DBObject</type>
					<code><![CDATA[	protected function RecordAttChanges(array $aValues, array $aOrigValues)
	{
		// Do NOT record the changes on the 'debug trace' attribute
		unset($aValues['debug_trace']);
		parent::RecordAttChanges($aValues, $aOrigValues);
	}]]></code>
				</method>
				<method id="DispatchEmail">
					<comment>/**
	 * Initial dispatching of an incoming email: determines what to do with the email
	 * @param EmailReplica $oEmailReplica The EmailReplica associated with the email. A new replica (i.e. not yet in DB) one for new emails
	 * @return int An action code from EmailProcessor
	 */</comment>
					<static>false</static>
					<access>public</access>
					<type>Overload-DBObject</type>
					<code><![CDATA[		public function DispatchEmail(EmailReplica $oEmailReplica)
	{
	
		return parent::DispatchEmail($oEmailReplica);
						  
	}
		]]></code>
				</method>
				<method id="ProcessNewEmail">
					<comment>/**
	 * Process an new (unread) incoming email
	 * @param EmailSource $oSource The source from which this email was read
	 * @param int $index The index of the message in the source
	 * @param EmailMessage $oEmail The decoded email
	 * @return Ticket|Object The ticket created or updated in response to the email or an object containing the policy violation
	 */</comment>
					<static>false</static>
					<access>public</access>
					<type>Overload-DBObject</type>
					<code><![CDATA[	public function ProcessNewEmail(EmailSource $oSource, $index, EmailMessage $oEmail)
	{		
		$this->Trace("Processing new eMail ( index = $index )"); 
		$this->Trace(". UIDL ".htmlspecialchars($oEmail->sUIDL) );
		$this->Trace(". Message-ID ".htmlspecialchars ($oEmail->sMessageId) );
				
		// Contrary to Combodo: First check if there is any iTop object mentioned in the headers of the eMail
		// We will be handling null values and closed/resolved tickets in policy checks.
        // Check whether we need to create a new ticket or to update an existing one
		// This is more thorough than the parent method
        $oTicket = $this->GetRelatedTicket($oEmail);

		
		// Careful: Combodo's version implemented an IsUndesired-method in later versions (v3.0.11).
		// Our method needs an additional parameter ( $oTicket ) to validate the email against some policies.
		$oPolicy = $this->IsUndesired($oEmail, $oTicket);
		
		// Not policy compliant? Then stop processing. 
		if( $oPolicy->bUndesired ) {
			$this->Trace(". Email does not comply with at least one policy ({$oPolicy->sPolicyId}) - so undesired.");
			$this->HandlePolicyViolation($oEmail, $oPolicy->sPolicyId, $oEmail->oRawEmail);
			return (Object)['incompliant_policy_name' => $oPolicy->sPolicyId];
		}
		else {
			$this->Trace(". Email complies with specified policies.");
		}
		 
		$oCaller = $oPolicy->oCaller;
		 

		switch($this->Get('behavior'))
		{
			case 'create_only':
				$oTicket = $this->CreateTicketFromEmail($oEmail, $oCaller);
				break;
			
			case 'update_only':
				if (!is_object($oTicket))
				{
					// No ticket associated with the incoming email, nothing to update, reject the email
					$this->HandleError($oEmail, 'nothing_to_update', $oEmail->oRawEmail);
				}
				else
				{
					// Update the ticket with the incoming eMail
					$this->UpdateTicketFromEmail($oTicket, $oEmail, $oCaller);
				}
				break;
			
			default: // both: update or create as needed
				if (!is_object($oTicket))
				{
					// Let's create a new ticket
					$oTicket = $this->CreateTicketFromEmail($oEmail, $oCaller);
				}
				else
				{
					// Update the ticket with the incoming eMail
					$this->UpdateTicketFromEmail($oTicket, $oEmail, $oCaller);
				}
				break;			
		}
		
		return $oTicket;
	}]]></code>
				</method>
				<method id="FindCaller">
					<comment>/**
	 * Search if the caller email is an existing contact in iTop, if not may create it
	 * depending on the mailinbox setting.
	 * {@inheritDoc}
	 * @see MailInboxBase::FindCaller()
	 */</comment>
					<static>false</static>
					<access>protected</access>
					<type>Overload-DBObject</type>
					<code><![CDATA[	protected function FindCaller(EmailMessage $oEmail)
	{
		$oCaller = null;
		$sContactQuery = 'SELECT Person WHERE email = :email';
		$oSet = new DBObjectSet(DBObjectSearch::FromOQL($sContactQuery), array(), array('email' => $oEmail->sCallerEmail));
		$sAdditionalDescription = '';
		switch($oSet->Count())
		{
			case 1:
				// Ok, the caller was found in iTop
				$oCaller = $oSet->Fetch();
				break;
				
			case 0:
			
				switch($this->Get('policy_unknown_caller_behavior'))
				{
					case 'bounce_delete': 
					case 'bounce_mark_as_undesired':
					case 'delete':
					case 'mark_as_undesired':
						// Policy violation
						$this->Trace("No contact found for the email address '{$oEmail->sCallerEmail}', the email will not be processed.");
						$this->HandlePolicyViolation($oEmail, 'policy_unknown_caller', $oEmail->oRawEmail);
						return null;
						break;
					
					case 'fallback':
					default:
						$this->Trace("Creating a new Person for the email: {$oEmail->sCallerEmail}");
						$oCaller = new Person();
						$oCaller->Set('email', $oEmail->sCallerEmail);
						$sDefaultValues = $this->Get('policy_unknown_caller_default_values');
						$aDefaults = explode("\n", $sDefaultValues);
						$aDefaultValues = array();
						foreach($aDefaults as $sLine)														   
						{
							if (preg_match('/^([^:]+):(.*)$/', $sLine, $aMatches))
							{
								$sAttCode = trim($aMatches[1]);
								$sValue = trim($aMatches[2]);
								$aDefaultValues[$sAttCode] = $sValue;
							}
						}
						$this->InitObjectFromDefaultValues($oCaller, $aDefaultValues);
						try
						{
							$this->Trace("Try to create user with default values");
							// Creating a CMDBChange is no longer needed in 2.0, but let's keep doing it for compatibility with 1.x
							$oMyChange = MetaModel::NewObject("CMDBChange");
							$oMyChange->Set("date", time());
							$sUserString = CMDBChange::GetCurrentUserName();
							$oMyChange->Set("userinfo", $sUserString);
							$iChangeId = $oMyChange->DBInsert();
							$oCaller->DBInsertTracked($oMyChange);					
						}
						catch(Exception $e)
						{
							// This is an actual error.
							$this->Trace("Failed to create a Person for the email address '{$oEmail->sCallerEmail}'.");
							$this->Trace($e->getMessage());
							$this->HandleError($oEmail, 'failed_to_create_contact', $oEmail->oRawEmail);
							return null;
						}
					
				}			
				break;
			
			default:
				$this->Trace("Found ".$oSet->Count()." callers with the same email address '{$oEmail->sCallerEmail}', the first one will be used...");
				// Multiple callers with the same email address !!!
				$oCaller = $oSet->Fetch();
		}
		
		return $oCaller;
	}]]></code>
				</method>
				<method id="GetRelatedTicket">
					<comment>/**
	 * 
	 * {@inheritDoc}
	 * @see MailInboxBase::GetRelatedTicket()
	 */</comment>
					<static>false</static>
					<access>protected</access>
					<type>Overload-DBObject</type>
					<code><![CDATA[	protected function GetRelatedTicket(EmailMessage $oEmail)
	{
		// First check if there is any iTop object mentioned in the headers of the eMail
		$oTicket = parent::GetRelatedTicket($oEmail);
		
		if ( $oTicket == null )
		{
			// No associated ticket found by parsing the headers, check
			// if the subject does not match a specific pattern
			$sPattern = $this->FixPattern($this->Get('title_pattern'));
			
			// To find the reference, make sure subject is handled in same way as original ticket (removing unwanted pattern)
			$sSubject = $oEmail->sSubject;
			$aRemoveTitlePatterns = explode('/\\r\\n|\\r|\\n/', $this->Get('policy_remove_pattern_patterns'));
			
			$this->Trace(".. Remove undesired title patterns: {$this->Get('policy_remove_pattern_patterns')}");
			
			foreach( $aRemoveTitlePatterns as $sRemoveTitlePattern ) {
				$oPregMatch = @preg_match($sRemoveTitlePattern, $sSubject);
				
				if( $oPregMatch === false) {
					$this->Trace("... Invalid pattern to remove from title: '{$sRemoveTitlePattern}'");
				}
				elseif( preg_match($sRemoveTitlePattern, $sSubject) ) {
					$this->Trace("... Pattern to remove - found: '{$sRemoveTitlePattern}'");
					$sSubject = preg_replace($sRemoveTitlePattern, '', $sSubject);
				}
				else {
					// Just not matching
				}
				
			}
			
			if(($sPattern != '') && (preg_match($sPattern, $sSubject, $aMatches)))
			{
				$iTicketId = 0;
				sscanf($aMatches[1], '%d', $iTicketId);
				$this->Trace("iTop Simple Email Synchro: Retrieving ticket {$iTicketId} (match by subject pattern)...");
				$oTicket = MetaModel::GetObject('Ticket', $iTicketId, false);
			}
		}		
		
		return $oTicket;
	}]]></code>
				</method>
				<method id="CreateTicketFromEmail">
					<comment><![CDATA[/**
	 * Actual creation of the ticket from the incoming email. Overload this method
	 * to implement your own behavior, if needed
	 *
	 * @param EmailMessage $oEmail The decoded incoming email
	 * @param Contact $oCaller The contact corresponding to the "From" email address
	 *
	 * @return Ticket the created ticket or null in case of failure
	 * @throws \Exception if invalid target_class
	 */]]></comment>
					<static>false</static>
					<access>public</access>
					<type>Overload-DBObject</type>
					<code><![CDATA[	public function CreateTicketFromEmail(EmailMessage $oEmail, Contact $oCaller)
	{
		// In case of error (exception...) set the behavior
		if ($this->Get('error_behavior') == 'delete')
		{
			$this->SetNextAction(EmailProcessor::DELETE_MESSAGE); // Remove the message from the mailbox
		}
		else
		{
			$this->SetNextAction(EmailProcessor::MARK_MESSAGE_AS_ERROR); // Keep the message in the mailbox, but marked as error
		}
		$this->Trace("Creating a new Ticket from eMail {$oEmail->sSubject}");
		if (!MetaModel::IsValidClass($this->Get('target_class')))
		{
			$sTargetClass = $this->Get('target_class');
			throw new Exception('Invalid "ticket_class" configured: {$sTargetClass} is not a valid class. Cannot create such an object.');
		}
		$oTicket = MetaModel::NewObject($this->Get('target_class'));
		$oTicket->Set('org_id', $oCaller->Get('org_id'));
		if (MetaModel::IsValidAttCode(get_class($oTicket), 'caller_id'))
		{
			$oTicket->Set('caller_id', $oCaller->GetKey());
		}
		if (MetaModel::IsValidAttCode(get_class($oTicket), 'origin'))
		{
			$oTicket->Set('origin', 'mail');
		}
		
		// Email has no subject. If we get here, it's because there was no policy to reject empty subjects.
		if ($oEmail->sSubject == '')
		{
			$sDefaultSubject = ($this->Get('policy_no_subject_default_value') == '') ? Dict::S('MailInbox:NoSubject') : $this->Get('policy_no_subject_default_value');
			$this->Trace("The incoming email has no subject, the ticket title will be set to: {$sDefaultSubject}");
			$oTicket->Set('title', $sDefaultSubject);
		}
		else
		{
			$oTicketTitleAttDef = MetaModel::GetAttributeDef(get_class($oTicket), 'title');
			$iTitleMaxSize = $oTicketTitleAttDef->GetMaxSize();
			 
			// Remove certain patterns from the title?
			$sSubject = $oEmail->sSubject;
			if( $this->Get('policy_remove_pattern_patterns') != '' && $this->Get('policy_remove_pattern_behavior') == 'delete' ) {
			
				$aRemoveTitlePatterns = explode('/\\r\\n|\\r|\\n/', $this->Get('policy_remove_pattern_patterns'));
				
				foreach( $aRemoveTitlePatterns as $sRemoveTitlePattern ) {
					$oPregMatch = @preg_match($sRemoveTitlePattern, $sSubject);
					
					if( $oPregMatch === false) {
						$this->Trace("... Invalid pattern: {$sRemoveTitlePattern}");
						break;
					}
					elseif( preg_match($sRemoveTitlePattern, $sSubject) ) {
						$sSubject = preg_replace($sRemoveTitlePattern, '', $sSubject);
					}
					else {
						// Just not matching
					}
					
				}
			}
			
			$oTicket->Set('title', substr( $sSubject , 0, $iTitleMaxSize));
		}
		
		$aIgnoredAttachments = array();
		
		
		// Get list of forbidden file types 
		if( $this->Get('policy_forbidden_attachments_mimetypes') != '' ) {
			$aForbiddenMimeTypes = preg_split('/\\r\\n|\\r|\\n/', $this->Get('policy_forbidden_attachments_mimetypes') );
			
			// Forbidden attachments? 
			foreach($oEmail->aAttachments as $index => $aAttachment)
			{ 
				if ( in_array( $aAttachment['mimeType'], $aForbiddenMimeTypes ) )
				{
					$this->Trace("... Attachment Content-Id ". $aAttachment['content-id'] . " - Mime Type: {$aAttachment['mimeType']} = forbidden.");
					// In the Combodo version, you often see $aIgnoredAttachments ; however it's barely used. 
					// Instead, we remove it ourselves.
					unset( $oEmail->aAttachments[ $index ] );
				}
				else {
					$this->Trace("... Attachment Content-Id ". $aAttachment['content-id'] . " - Mime Type: {$aAttachment['mimeType']} = allowed.");
				}
			}
			
		}
		
		// Insert the remaining attachments so that we know their ID and can reference them in the message's body
		$aAddedAttachments = $this->AddAttachments($oTicket, $oEmail, true, $aIgnoredAttachments);  // Cannot insert them for real since the Ticket is not saved yet (we don't know its ID)
																									// we'll have to call UpdateAttachments once the ticket is properly saved
																									
		// Seems to be for backward compatibility / plain text.																							
		$oTicketDescriptionAttDef = MetaModel::GetAttributeDef(get_class($oTicket), 'description');
		$bForPlainText = true; // Target format is plain text (by default)
		if ($oTicketDescriptionAttDef instanceof AttributeHTML)
		{
			// Target format is HTML
			$bForPlainText = false;
		}
		else if ($oTicketDescriptionAttDef instanceof AttributeText)
		{
			$aParams = $oTicketDescriptionAttDef->GetParams();
			if (array_key_exists('format', $aParams) && ($aParams['format'] == 'html'))
			{
				// Target format is HTML
				$bForPlainText = false;
			}
		}
		$this->Trace("Target format for 'description': ".($bForPlainText ? 'text/plain' : 'text/html'));
		$this->Trace("Email body format: ".$oEmail->sBodyFormat);
		
		$sTicketDescription = $this->BuildDescription($oEmail, $aAddedAttachments, $aIgnoredAttachments, $bForPlainText);

		$iDescriptionMaxSize = $oTicketDescriptionAttDef->GetMaxSize();
		if (strlen($sTicketDescription) > $iDescriptionMaxSize)
		{
			$oEmail->aAttachments[] = array('content' => $sTicketDescription, 'filename' => ($bForPlainText ? 'original message.txt' : 'original message.html'), 'mimeType' => ($bForPlainText ? 'text/plain' : 'text/html'));
		}
		
		$oTicket->Set('description', $this->FitTextIn($sTicketDescription, $iDescriptionMaxSize - 1000)); // Keep some room just in case...
		
		// Default values
		$sDefaultValues = $this->Get('ticket_default_values');
		$aDefaults = explode("\n", $sDefaultValues);
		$aDefaultValues = array();
		foreach($aDefaults as $sLine)
		{
			if (preg_match('/^([^:]+):(.*)$/', $sLine, $aMatches))
			{
				$sAttCode = trim($aMatches[1]);
				$sValue = trim($aMatches[2]);
				$aDefaultValues[$sAttCode] = $sValue;
			}
		}
		$this->InitObjectFromDefaultValues($oTicket, $aDefaultValues);
		
		// We will only call this if additional contacts are accepted by our policy 
		if ( in_array($this->Get('policy_other_recipients_behavior'), ['add_existing_contacts', 'add_all_contacts'] ) == true )
		{
			$this->AddAdditionalContacts($oTicket, $oEmail);
		}
		
		$this->BeforeInsertTicket($oTicket, $oEmail, $oCaller);
		$oTicket->DBInsert();
		$this->Trace("Ticket ".$oTicket->GetName()." created.");
		$this->AfterInsertTicket($oTicket, $oEmail, $oCaller, $aAddedAttachments);
						
		return $oTicket;
	}]]></code>
				</method>
				<method id="BuildDescription">
					<comment><![CDATA[/**
	 * Build the 'description' of the ticket when creating a new ticket
	 * @param EmailMessage $oEmail The incoming Email
	 * @param bool $bForPlainText True if the desired output format is plain text, false if HTML
	 * @return string
	 */]]></comment>
					<static>false</static>
					<access>protected</access>
					<type>Overload-DBObject</type>
					<code><![CDATA[	protected function BuildDescription(EmailMessage $oEmail, $aAddedAttachments, $aIgnoredAttachments, $bForPlainText)
	{
		$sTicketDescription = '';
		if ($oEmail->sBodyFormat == 'text/html')
		{
			// Original message is in HTML
			$this->Trace("Managing inline images...");
			$sTicketDescription = $this->ManageInlineImages($oEmail->sBodyText, $aAddedAttachments, $aIgnoredAttachments, $bForPlainText);
			if ($bForPlainText)
			{
				$this->Trace("Converting HTML to text using utils::HtmlToText...");
				$sTicketDescription = utils::HtmlToText($oEmail->sBodyText);
			}
		}
		else
		{
			// Original message is in plain text
			$sTicketDescription = utils::TextToHtml($oEmail->sBodyText);
			if (!$bForPlainText)
			{
				$this->Trace("Converting text to HTML using utils::TextToHtml...");
				$sTicketDescription = utils::TextToHtml($oEmail->sBodyText);
			}
		}

		if (empty($sTicketDescription))
		{
			$sTicketDescription = 'No description provided.';
		}
		
		return $sTicketDescription;
	}]]></code>
				</method>
				<method id="AddAdditionalContacts">
					<comment>/**
	 * Add the contacts in To: or CC: as additional contacts to the ticket (if they exist in the DB)
	 * @param Ticket $oTicket
	 * @param EmailMessage $oEmail
	 */</comment>
					<static>false</static>
					<access>protected</access>
					<type>Overload-DBObject</type>
					<code><![CDATA[	protected function AddAdditionalContacts(Ticket $oTicket, EmailMessage $oEmail)
	{
		$oContactsSet = $oTicket->Get('contacts_list');
		$aExistingContacts = array();
		while($oLnk = $oContactsSet->Fetch())
		{
			$aExistingContacts[$oLnk->Get('contact_id')] = true;
		}
		$aAdditionalContacts = array_merge($oEmail->aTos, $oEmail->aCCs); // Take both the To: and CC:, no actual merge since the keys of the arrays are numeric (i.e. 0, 1, 2...)
		foreach($aAdditionalContacts as $aInfo)
		{
			$sCallerEmail = $oTicket->Get('caller_id->email');
			// Exclude the caller from the additional contacts
			if ($aInfo['email'] != $sCallerEmail)
			{
				$oContact = $this->FindAdditionalContact($aInfo['email']);
				if (($oContact != null) && !array_key_exists($oContact->GetKey(), $aExistingContacts))
				{
					$oLnk = new lnkContactToTicket();
					$oLnk->Set('contact_id', $oContact->GetKey());
					$oContactsSet->AddObject($oLnk);
				}
			}
			else
			{
				$this->Trace("Skipping '{$sCallerEmail}' from the email address in To/CC since it is the same as the caller's email.");
			}
		}
		$oTicket->Set('contacts_list', $oContactsSet);
	}]]></code>
				</method>
				<method id="FindAdditionalContact">
					<comment>/**
	 * Search if the CC email is an existing contact in iTop, if so return it, otherwise ignore it
	 * @param $sEmail string The email address to search
	 * @return Contact | null
	 */</comment>
					<static>false</static>
					<access>protected</access>
					<type>Overload-DBObject</type>
					<code><![CDATA[	protected function FindAdditionalContact($sEmail)
	{
		$oContact = null;
		$sContactQuery = 'SELECT Person WHERE email = :email';
		$oSet = new DBObjectSet(DBObjectSearch::FromOQL($sContactQuery), array(), array('email' => $sEmail));
		switch($oSet->Count())
		{
			case 1:
				// Ok, the caller was found in iTop
				$oContact = $oSet->Fetch();
				$this->Trace("Found Contact: ID {$oContact->GetKey()} ({$oContact->GetName()}) from the email address in To/CC '{$sEmail}'.");
				break;
			
			case 0:
				$this->Trace("No contact found with the email address in To/CC '{$sEmail}', email address ignored.");
				break;
			
			default:
				// Multiple contacts with the same email address!
				$this->Trace("Found {$oSet->Count()} contacts with the same email address in To/CC '{$sEmail}', the first one will be used.");
				$oCaller = $oSet->Fetch();
		}
		return $oContact;
	}]]></code>
				</method>
				<method id="BeforeInsertTicket">
					<comment>/**
	 * Handler called just before inserting the ticket into the database
	 * Overload this method to adjust the values of the ticket at your will
	 * @param Ticket $oTicket
	 * @param EmailMessage $oEmail
	 * @param Contact $oCaller
	 */</comment>
					<static>false</static>
					<access>protected</access>
					<type>Overload-DBObject</type>
					<code>	protected function BeforeInsertTicket(Ticket $oTicket, EmailMessage $oEmail, Contact $oCaller)
	{
		// Default implementation: do nothing
	}</code>
				</method>
				<method id="AfterInsertTicket">
					<comment>/**
	 * Finalize the processing after the insertion of the ticket in the database
	 * @param Ticket $oTicket The ticket being written
	 * @param EmailMessage $oEmail The source email
	 * @param Contact $oCaller The caller for this ticket, as passed to CreateTicket
	 * @param array $aAddedAttachments The array of attachments added to the ticket
	 */</comment>
					<static>false</static>
					<access>protected</access>
					<type>Overload-DBObject</type>
					<code><![CDATA[	protected function AfterInsertTicket(Ticket $oTicket, EmailMessage $oEmail, Contact $oCaller, $aAddedAttachments)
	{
		// Process attachments
		$this->UpdateAttachments($aAddedAttachments, $oTicket); // Now update the attachments since we know the ID of the ticket
		
		// Shall we delete the source email immediately?
		if ($this->Get('email_storage') == 'delete')
		{
			// Remove the processed message from the mailbox
			$this->Trace("Ticket created, deleting the source eMail '{$oEmail->sSubject}'");
			$this->SetNextAction(EmailProcessor::DELETE_MESSAGE);		
		}
		else
		{
			// Keep the message in the mailbox
			$this->SetNextAction(EmailProcessor::NO_ACTION);		
		}		
	}]]></code>
				</method>
				<method id="UpdateTicketFromEmail">
					<comment><![CDATA[/**
	 * Actual update of a ticket from the incoming email. Overload this method
	 * to implement your own behavior, if needed
	 * @param Ticket $oTicket The ticket to update
	 * @param EmailMessage $oEmail The decoded incoming email
	 * @param Contact $oCaller The contact corresponding to the "From" email address
	 * @return void
	 */]]></comment>
					<static>false</static>
					<access>public</access>
					<type>Overload-DBObject</type>
					<code><![CDATA[	public function UpdateTicketFromEmail(Ticket $oTicket, EmailMessage $oEmail, Contact $oCaller)
	{
		// In case of error (exception...) set the behavior
		if ($this->Get('error_behavior') == 'delete')
		{
			$this->SetNextAction(EmailProcessor::DELETE_MESSAGE); // Remove the message from the mailbox
		}
		else
		{
			$this->SetNextAction(EmailProcessor::MARK_MESSAGE_AS_ERROR); // Keep the message in the mailbox, but marked as error
		}		
		
		// Check that the ticket is of the expected class
		if (!is_a($oTicket, $this->Get('target_class')))
		{
			$this->Trace("iTop Simple Email Synchro: Error: the incoming email refers to the ticket ".$oTicket->GetName()." of class {get_class($oTicket)}, but this mailbox is configured to process only tickets of class {$this->Get('target_class')}");
			$this->SetNextAction(EmailProcessor::MARK_MESSAGE_AS_ERROR); // Keep the message in the mailbox, but marked as error
			return;
		}
		
		// Try to extract what's new from the message's body
		$this->Trace("iTop Simple Email Synchro: Updating the iTop ticket {$oTicket->GetName()} from eMail '{$oEmail->sSubject}'");

		// Not policy compliant? Then stop processing. 
		// Careful: Combodo's version implemented an IsUndesired-method in later versions (v3.0.11).
		// Our method needs an additional parameter ( $oTicket ) to handle some policies.
		$oPolicy = $this->IsUndesired($oEmail, $oTicket);
		
		if( $oPolicy->bUndesired ) {
			$this->SetNextAction(EmailProcessor::MARK_MESSAGE_AS_UNDESIRED);
			$this->Trace(". Email (update) does not comply with at least one policy ({$oPolicy->sPolicyId}) - so undesired.");
			$this->HandlePolicyViolation($oEmail, $oPolicy->sPolicyId, $oEmail->oRawEmail);
			return;
		}
		else {
			$this->Trace(". Email (update) complies with our policies.");
		}
		 
		$oCaller = $oPolicy->oCaller;
		
		// Everything compliant, but we might need to perform actions.
		
		// Process attachments
		$aIgnoredAttachments = array();
		$aAddedAttachments = $this->AddAttachments($oTicket, $oEmail, true, $aIgnoredAttachments);
		
		$sCaseLogEntry = $this->BuildCaseLogEntry($oEmail, $aAddedAttachments, $aIgnoredAttachments);
		
		$this->Trace($oEmail->sTrace);
		
		// Write the log on behalf of the caller
		$sCallerName = $oEmail->sCallerName;
		if (empty($sCallerName))
		{
			$sCallerName = $oEmail->sCallerEmail;
		}
					
		// Determine which field to update
		$sAttCode = 'public_log';
		$aAttCodes = MetaModel::GetModuleSetting('jb-itop-standard-email-synchro', 'ticket_log', array('UserRequest' => 'public_log', 'Incident' => 'public_log'));
		if (array_key_exists(get_class($oTicket), $aAttCodes))
		{
			$sAttCode = $aAttCodes[get_class($oTicket)];
		}
		
		$oCaseLog = $oTicket->Get($sAttCode);
		$oAttributeValue = new ormCustomCaseLog();
		
		// GetForJSON() actually returns an array of each entry
		foreach($oCaseLog->GetAsArray() as $aEntry) {
			
			// CustomCaseLog's AddLogEntry remains flexible; keeps original user information and datetime
			$oAttributeValue->AddLogEntry( $aEntry['message_html'], $aEntry['user_login'], $aEntry['user_id'], $aEntry['date'] );
			
		}
		
		$oAttributeValue->AddLogEntry($sCaseLogEntry, $sCallerName, null, '');
		
		// Sort chronologically. NOT ascending (true), but descending (false)!
		$oAttributeValue = $oAttributeValue->ToSortedCaseLog(false);
		
		$oTicket->Set($sAttCode, $oAttributeValue);
		
		if ( in_array( $this->Get('policy_other_recipients_behavior'), ['add_all_contacts', 'add_existing_contacts'] ) == true )
		{
			$this->AddAdditionalContacts($oTicket, $oEmail);
		}
		$this->BeforeUpdateTicket($oTicket, $oEmail, $oCaller);
		$oTicket->DBUpdate();			
		$this->Trace("Ticket {$oTicket->GetName()} updated.");
		$this->AfterUpdateTicket($oTicket, $oEmail, $oCaller);
				
		return $oTicket;		
	}]]></code>
				</method>
				<method id="BuildCaseLogEntry">
					<comment>/**
	 * Build the text/html to be inserted in the case log when the ticket is updated
	 * Starting with iTop 2.3.0, the format is always HTML
	 * @param EmailMessage $oEmail
	 * @return string The HTML text to be inserted in the case log
	 */</comment>
					<static>false</static>
					<access>protected</access>
					<type>Overload-DBObject</type>
					<code><![CDATA[	protected function BuildCaseLogEntry(EmailMessage $oEmail, $aAddedAttachments, $aIgnoredAttachments)
	{
		$sCaseLogEntry = '';
		$this->Trace("Email body format: ".$oEmail->sBodyFormat);
		if ($oEmail->sBodyFormat == 'text/html')
		{
			$this->Trace("Extracting the new part using GetNewPartHTML...");
			$sCaseLogEntry = $oEmail->GetNewPartHTML($oEmail->sBodyText);
			if (strip_tags($sCaseLogEntry) == '')
			{
				// No new part (only blank tags)... we'd better use the whole text of the message
				$sCaseLogEntry = $oEmail->sBodyText;
			}
			$this->Trace("Managing inline images...");
			$sCaseLogEntry = $this->ManageInlineImages($sCaseLogEntry, $aAddedAttachments, $aIgnoredAttachments, false /* $bForPlainText */);
		}
		else
		{
			$this->Trace("Extracting the new part using GetNewPart...");
			$sCaseLogEntry = $oEmail->GetNewPart($oEmail->sBodyText, $oEmail->sBodyFormat); // GetNewPart always returns a plain text version of the message
			$sCaseLogEntry = utils::TextToHtml($sCaseLogEntry);
		}
		return $sCaseLogEntry;
	}]]></code>
				</method>
				<method id="BeforeUpdateTicket">
					<comment>/**
	 * Handler called before updating a ticket in the database
	 * Overload this method to alter the ticket at your will
	 * @param Ticket $oTicket
	 * @param EmailMessage $oEmail
	 * @param Contact $oCaller
	 */</comment>
					<static>false</static>
					<access>protected</access>
					<type>Overload-DBObject</type>
					<code>	protected function BeforeUpdateTicket(Ticket $oTicket, EmailMessage $oEmail, Contact $oCaller)
	{
		// Default implementation: do nothing
	}</code>
				</method>
				<method id="ApplyConfiguredStimulus">
					<comment><![CDATA[/**
	 * Read the configuration in the 'stimuli' field (format: <state_code>:<stimulus_code>, one per line)
	 * and apply the corresponding stimulus according to the current state of the ticket
	 * @param ticket $oTicket
	 */]]></comment>
					<static>false</static>
					<access>protected</access>
					<type>Overload-DBObject</type>
					<code><![CDATA[	protected function ApplyConfiguredStimulus(ticket $oTicket)
	{
	
		$sConf = $this->Get('stimuli');
		
		// In Combodo's version, this resulted in a warning?
		// We will reopen ticket elsewhere if needed.
		if( trim($sConf) == '' ) {
			return;
		}
	
		$aConf = explode("\n", $sConf);
		$aStateToStimulus = array();
		foreach($aConf as $sLine)
		{
			if (preg_match('/^([^:]+):(.*)$/', $sLine, $aMatches))
			{
				$sState = trim($aMatches[1]);
				$sStimulus = trim($aMatches[2]);
				$aStateToStimulus[$sState] = $sStimulus;
			}
			elseif (!empty($sLine))
			{
				$this->Trace("Invalid line in the 'stimuli' configuration: '{$sLine}'. The expected format for each line is <state_code>:<stimulus_code>");
			}
		}
		if (array_key_exists($oTicket->GetState(), $aStateToStimulus))
		{
			$sStimulusCode = $aStateToStimulus[$oTicket->GetState()];
			$this->Trace("About to apply the stimulus: ".$sStimulusCode." for the ticket in state: ".$oTicket->GetState());
			
			// Check that applying the stimulus will not break the data integrity constaints (mandatory, must change)
			$aTransitions = $oTicket->EnumTransitions();
			$bCanApplyStimulus = true;
			if (!isset($aTransitions[$sStimulusCode]))
			{
				$bCanApplyStimulus = false;
				$this->Trace("The Stimulus {$sStimulusCode} for ".get_class($oTicket)." in state {$oTicket->GetState()} has no effect (no transition). Ignored.");
			}
			else
			{
				
				$aTransitionDef = $aTransitions[$sStimulusCode];
				$sTargetState = $aTransitionDef['target_state'];
				$aTargetStates = MetaModel::EnumStates(get_class($oTicket));
				$aTargetStateDef = $aTargetStates[$sTargetState];
				$aExpectedAttributes = $aTargetStateDef['attribute_list'];
				foreach($aExpectedAttributes as $sAttCode => $iExpectCode)
				{
					$oAttDef = MetaModel::GetAttributeDef(get_class($oTicket), $sAttCode);
					if (($iExpectCode & OPT_ATT_MANDATORY) && ($oAttDef->IsNull($oTicket->Get($sAttCode))))
					{
						// Check if there is just one possible value, in which case, use it				
						$aArgs = array('this' => $oTicket);
						// If the field is mandatory, set it to the only possible value
						if ($oAttDef->IsExternalKey())
						{
							$oAllowedValues = MetaModel::GetAllowedValuesAsObjectSet(get_class($oTicket), $sAttCode, $aArgs);
							if ($oAllowedValues->Count() == 1)
							{
								$oRemoteObj = $oAllowedValues->Fetch();
								$oTicket->Set($sAttCode, $oRemoteObj->GetKey());
								$this->Trace("Setting the mandatory External Key {$sAttCode} to the only allowed value: {$oRemoteObj->GetKey()}");
							}
							else
							{
								$this->Trace("Cannot apply the stimulus since the attribute {$sAttCode} is mandatory in the target state {$sTargetState} and is neither currently set nor has just one allowed value.");
								$bCanApplyStimulus = false;
							}
						}
						else
						{
							$aAllowedValues = MetaModel::GetAllowedValues_att(get_class($oTicket), $sAttCode, $aArgs);
							if (count($aAllowedValues) == 1)
							{
								$aValues = array_keys($aAllowedValues);
								$oTicket->Set($sAttCode, $aValues[0]);
								$this->Trace("Setting the mandatory attribute {$sAttCode} to the only allowed value: ".(string)$aValues[0]);
							}
							else
							{
								$this->Trace("Cannot apply the stimulus since the attribute {$sAttCode} is mandatory in the target state {$sTargetState} and is neither currently set nor has just one allowed value.");
								$bCanApplyStimulus = false;
							}
						}
					}
					if ($iExpectCode & OPT_ATT_MUSTCHANGE)
					{
						$this->Trace("Cannot apply the stimulus since the value of the attribute {$sAttCode} must be modified (manually) during the transition to the target state {$sTargetState}.");
						$bCanApplyStimulus = false;
					}
				}
			}
			
			if ($bCanApplyStimulus)
			{
				try
				{
					$this->Trace("Actually applying the stimulus: {$sStimulusCode} for the ticket in state: {$oTicket->GetState()}");
					$oTicket->ApplyStimulus($sStimulusCode);
				}
				catch(Exception $e)
				{
					$this->Trace("ApplyStimulus failed: {$e->getMessage()}");
				}
			}
			else
			{
				$this->Trace("ApplyStimulus ignored.");
			}
		}
	}]]></code>
				</method>
				<method id="AfterUpdateTicket">
					<comment>/**
	 * Finalize the processing after the update of the ticket in the database
	 * @param Ticket $oTicket The ticket being written
	 * @param EmailMessage $oEmail The source email
	 * @param Contact $oCaller The caller for this ticket, as passed to UpdateTicket
	 */</comment>
					<static>false</static>
					<access>protected</access>
					<type>Overload-DBObject</type>
					<code><![CDATA[	protected function AfterUpdateTicket(Ticket $oTicket, EmailMessage $oEmail, Contact $oCaller)
	{
		// If there are any TriggerOnMailUpdate defined, let's activate them
		$aClasses = MetaModel::EnumParentClasses(get_class($oTicket), ENUM_PARENT_CLASSES_ALL);
		$sClassList = implode(", ", CMDBSource::Quote($aClasses));
		$oSet = new DBObjectSet(DBObjectSearch::FromOQL("SELECT TriggerOnMailUpdate AS t WHERE t.target_class IN ($sClassList)"));
		while ($oTrigger = $oSet->Fetch())
		{
			$oTrigger->DoActivate($oTicket->ToArgs('this'));
		}

		// Apply a stimulus if needed, will write the ticket to the database, may launch triggers, etc...
		$this->ApplyConfiguredStimulus($oTicket);
		
		// Shall we keep the email or delete it immediately?
		if ($this->Get('email_storage') == 'delete')
		{
			// Remove the processed message from the mailbox
			$this->Trace("Ticket updated, deleting the source eMail '{$oEmail->sSubject}'");
			$this->SetNextAction(EmailProcessor::DELETE_MESSAGE);		
		}
		else
		{
			// Keep the message in the mailbox
			$this->SetNextAction(EmailProcessor::NO_ACTION);		
		}
	}]]></code>
				</method>
				<method id="ManageInlineImages">
					<static>false</static>
					<access>protected</access>
					<type>Overload-DBObject</type>
					<code><![CDATA[	protected function ManageInlineImages($sBodyText, $aAddedAttachments, $aIgnoredAttachments, $bForPlainText = true)
	{
		// Search for inline images: i.e. <img tags containing an src="cid:...." or without double quotes e.g. src=cid:xyzxyzx
		// Note: (?: ... ) is used for grouping the alternative without creating a "matching group"
		if (preg_match_all('/<img[^>]+src=(?:"cid:([^"]+)"|cid:([^ >]+))[^>]*>/i', $sBodyText, $aMatches, PREG_OFFSET_CAPTURE))
		{
			$aInlineImages = array();
			foreach ($aMatches[0] as $idx => $aInfo)
			{
				$aInlineImages[$idx] = array(
					'position' => $aInfo[1]
				);
			}
			foreach ($aMatches[1] as $idx => $aInfo)
			{
				$sCID = $aInfo[0];
				if (!array_key_exists($sCID, $aAddedAttachments) && !array_key_exists($sCID, $aIgnoredAttachments))
				{
					$this->Trace("Info: inline image: {$sCID} not found as an attachment. Ignored.");
				}
				else if (array_key_exists($sCID, $aAddedAttachments))
				{
					$aInlineImages[$idx]['cid'] = $sCID;
					$this->Trace("Inline image cid:$sCID stored as ".get_class($aAddedAttachments[$sCID])."::".$aAddedAttachments[$sCID]->GetKey());
				}
			}
			if (!defined('ATTACHMENT_DOWNLOAD_URL'))
			{
				define('ATTACHMENT_DOWNLOAD_URL', 'pages/ajax.render.php?operation=download_document&class=Attachment&field=contents&id=');
			}
			if ($bForPlainText)
			{
				// The target form is text/plain, so the HTML tags will be stripped
				// Insert the URLs to the attachments, just before the <img tag so that the hyperlink remains (as plain text) at the right position
				// when the HTML tags will be stripped
				// Start from the end of the text to preserve the positions of the <img tags AFTER the insertion
				$sWholeText = $sBodyText;
				$idx = count($aInlineImages);
				while ($idx > 0)
				{
					$idx --;
					if (array_key_exists('cid', $aInlineImages[$idx]))
					{
						$sBefore = substr($sWholeText, 0, $aInlineImages[$idx]['position']);
						$sAfter = substr($sWholeText, $aInlineImages[$idx]['position']);
						$oAttachment = $aAddedAttachments[$aInlineImages[$idx]['cid']];
						$sUrl = utils::GetAbsoluteUrlAppRoot().ATTACHMENT_DOWNLOAD_URL.$oAttachment->GetKey();
						$sWholeText = $sBefore.' '.$sUrl.' '. $sAfter;
					}
				}
			}
			else
			{
				// The target format is text/html, keep the formatting, but just change the URLs
				$aSearches = array();
				$aReplacements = array();
				foreach($aAddedAttachments as $sCID => $oAttachment)
				{
					$aSearches[] = 'src="cid:'.$sCID.'"';
					if (class_exists('InlineImage') && ($oAttachment instanceof InlineImage))
					{
						// Inline images have a special download URL requiring the 'secret' token
						$aReplacements[] = 'src="'.utils::GetAbsoluteUrlAppRoot().INLINEIMAGE_DOWNLOAD_URL.$oAttachment->GetKey().'&s='.$oAttachment->Get('secret').'"';
					}
					else
					{
						$aReplacements[] = 'src="'.utils::GetAbsoluteUrlAppRoot().ATTACHMENT_DOWNLOAD_URL.$oAttachment->GetKey().'"';
					}
					$aSearches[] = 'src=cid:'.$sCID; // Same without quotes
					if (class_exists('InlineImage') && ($oAttachment instanceof InlineImage))
					{
						// Inline images have a special download URL requiring the 'secret' token
						$aReplacements[] = 'src="'.utils::GetAbsoluteUrlAppRoot().INLINEIMAGE_DOWNLOAD_URL.$oAttachment->GetKey().'&s='.$oAttachment->Get('secret').'" '; // Beware we need to add a space at the end
					}
					else
					{
						$aReplacements[] = 'src="'.utils::GetAbsoluteUrlAppRoot().ATTACHMENT_DOWNLOAD_URL.$oAttachment->GetKey().'" '; // Beware we need to add a space at the end
					}
				}
				$sWholeText = str_replace($aSearches, $aReplacements, $sBodyText);
			}
			$sBodyText = $sWholeText;
		}
		else
		{
			$this->Trace("Inline Images: no inline-image found in the message");
		}
		return $sBodyText;
	}]]></code>
				</method>
				<method id="HandleError">
					<comment>/**
	 * Error handler... what to do in case of error ??
	 * @param EmailMessage $oEmail can be null in case of decoding error (like message too big)
	 * @param string $sErrorCode
	 * @return void
	 */</comment>
					<static>false</static>
					<access>public</access>
					<type>Overload-DBObject</type>
					<code><![CDATA[	public function HandleError($oEmail, $sErrorCode, $oRawEmail = null, $sAdditionalErrorMessage = '')
	{
	
		$sTo = $this->Get('notify_errors_to');
		$sFrom = $this->Get('notify_from');
		// The behavior is overriden in case of undesired_message
		if ($this->Get('error_behavior') == 'delete')
		{
			$this->SetNextAction(EmailProcessor::DELETE_MESSAGE); // Remove the message from the mailbox
			$sLastAction = "<p>The eMail was deleted from the mailbox.</p>\n";
		}
		else
		{
			$this->SetNextAction(EmailProcessor::MARK_MESSAGE_AS_ERROR); // Keep the message in the mailbox, but marked as error
			$sLastAction = "<p>The eMail is marked as error and will be ignored in further processing of the mailbox.</p>\n";
		}
		
		switch($sErrorCode)
		{
			case 'decode_failed':
			
				$sSubject = '[iTop] Failed to decode an incoming eMail';
				if ($oRawEmail && ($oRawEmail->GetSize() > EmailBackgroundProcess::$iMaxEmailSize))
				{
					$sBody = "<p>The incoming eMail is bigger (".$oRawEmail->GetSize()." bytes) than the maximum configured size (maximum_email_size = ".EmailBackgroundProcess::$iMaxEmailSize.").</p>\n";
					$this->sLastError = "eMail is bigger (".$oRawEmail->GetSize()." bytes) than the maximum configured size (maximum_email_size = ".EmailBackgroundProcess::$iMaxEmailSize.")";
					
					if ($this->Get('error_behavior') == 'delete')
					{
						if ($this->sBigFilesDir == '')
						{
							$sBody .= "<p>The email was deleted. In the future you can:\n<ul>\n";
							$sBody .= "<li>either increase the 'maximum_email_size' parameter in the iTop configuration file, so that the message gets processed</li>\n";
							$sBody .= "<li>or configure the parameter 'big_files_dir' in the iTop configuration file, so that such emails are kept on the web server for further inspection.</li>\n</ul>";
						}
						else if (!is_writable($this->sBigFilesDir))
						{
							$sBody .= "<p>The email was deleted, since the directory where to save such files on the web server ($this->sBigFilesDir) is NOT writable to iTop.</p>\n";
						}
						else
						{
							$idx = 1;
							$sFileName = 'email_'.(date('Y-m-d')).'_';
							$sExtension = '.eml';
							$hFile = false;
							while(($hFile = fopen($this->sBigFilesDir.'/'.$sFileName.$idx.$sExtension, 'x')) === false)
							{
								$idx++;
							}
							fwrite($hFile, $oRawEmail->GetRawContent());
							fclose($hFile);
							$sBody .= "<p>The message was saved as '{$sFileName}{$idx}{$sExtension}' on the web server, in the directory '{$this->sBigFilesDir}'.</p>\n";
							$sBody .= "<p>In order process such messages, increase the value of the 'maximum_email_size' parameter in the iTop configuration file.</p>\n";
						}
					}
					else
					{
						$sBody .= $sLastAction;
					}
									
					$oRawEmail = null; // Do not attach the original message to the mail sent to the admin since it's already big, send the message now
					$this->Trace($sSubject."\n\n".$sBody);
					// Send the email now...
					if(($sTo != '') && ($sFrom != ''))
					{
						$oEmailToSend = new Email();
						$oEmailToSend->SetRecipientTO($sTo);
						$oEmailToSend->SetSubject($sSubject);
						$oEmailToSend->SetBody($sBody, 'text/html');	
						$oEmailToSend->SetRecipientFrom($sFrom);
						$oEmailToSend->Send($aIssues, true /* bForceSynchronous */, null /* $oLog */);
					}
				}
				else
				{
					$sBody = "<p>The following eMail (see attachment) was not decoded properly and therefore was not processed at all.</p>\n";
					$sBody .= $sLastAction;
				}
			break;
			
			
			case 'failed_to_create_contact':
			
				$sSubject = '[iTop] Failed to create a contact for the incoming eMail - '.$oEmail->sSubject;
				$sBody = "<p>The following email (see attachment) comes from an unknown caller (".$oEmail->sCallerEmail.").<br/>\n";
				$sBody .= "The configuration of the Mail Inbox ".$this->GetName()." instructs to create a new contact based on some default values, but this creation was not successful.<br/>\n";
				$sBody .= "Check the contact's default values configured in the Mail Inbox.</p>\n";
				$sBody .= $sLastAction;
				$this->sLastError = "Failed to create a contact from the incoming eMail. Caller = ".$oEmail->sCallerEmail;
				break;
			
			case 'rejected_attachments':
			
				$sSubject = '[iTop] Failed to process attachment(s) for the incoming eMail - '.$oEmail->sSubject;
				$sBody = "<p>Some attachments to the eMail were not processed because they are too big:</p>\n";
				$sBody .= "<pre>".$sAdditionalErrorMessage."</pre>\n";
				$sBody .= $sLastAction;
				
				$oRawEmail = null; // No original message in attachment
				$this->Trace($sSubject."\n\n".$sBody);
				// Send the email now...
				if(($sTo != '') && ($sFrom != ''))
				{
					$oEmailToSend = new Email();
					$oEmailToSend->SetRecipientTO($sTo);
					$oEmailToSend->SetSubject($sSubject);
					$oEmailToSend->SetBody($sBody, 'text/html');	
					$oEmailToSend->SetRecipientFrom($sFrom);
					$oEmailToSend->Send($aIssues, true /* bForceSynchronous */, null /* $oLog */);
				}
				break;
			 
			case 'undesired_message':
			
				$sSubject = '[iTop] Undesired message - '.$oEmail->sSubject;
				$sBody = "<p>The attached message was rejected because it is considered as undesired, based on the 'undesired_subject_patterns' specified in the iTop configuration file.</p>\n";
				$sBody .= $sLastAction;
				
				// Send the email now...
				if(($sTo != '') && ($sFrom != ''))
				{
					$oEmailToSend = new Email();
					$oEmailToSend->SetRecipientTO($sTo);
					$oEmailToSend->SetSubject($sSubject);
					$oEmailToSend->SetBody($sBody, 'text/html');	
					$oEmailToSend->SetRecipientFrom($sFrom);
					$oEmailToSend->Send($aIssues, true /* bForceSynchronous */, null /* $oLog */);
				}
				break;
				
			case 'undesired_message':
				if (MetaModel::GetModuleSetting('jb-email-synchro', 'undesired-purge-delay', 7) == 0)
				{
					$this->SetNextAction(EmailProcessor::DELETE_MESSAGE); // immediate delete when delay is 0
				}
				else
				{
					$this->SetNextAction(EmailProcessor::MARK_MESSAGE_AS_UNDESIRED); // Keep the message in the mailbox, but marked as undesired
				}
				$this->sLastError = 'Undesired email';
				$oRawEmail = null; // No feedback on undesired emails
				break;
				
			
			default:
				$sSubject = '[iTop] handle error';
				$sBody = '<p>Unexpected error: '.$sErrorCode."</p>\n";
				$sBody .= $sLastAction;
				$this->sLastError = 'Unexpected error: '.$sErrorCode;
		}
		$sBody .= "<p>&nbsp;</p><p>Mail Inbox Configuration: ".$this->GetHyperlink()."</p>\n";
		
		if(($sTo == '') || ($sFrom == ''))
		{
			$this->Trace("HandleError($sErrorCode): No forward configured for forwarding the email...(To: '$sTo', From: '$sFrom'), skipping.");
		}
		else if($oRawEmail)
		{
			$this->Trace($sSubject."\n\n".$sBody);
			$oRawEmail->SendAsAttachment($sTo, $sFrom, $sSubject, $sBody);
		}
	}]]></code>
				</method>
				<method id="HandlePolicyViolation">
					<comment>/**
	 * Policy violation handler... what to do in case of Policy violation ?
	 * @param EmailMessage $oEmail can be null in case of decoding error (like message too big)
	 * @param string $sPolicyViolation
	 * @return void
	 */</comment>
					<static>false</static>
					<access>public</access>
					<type>Overload-DBObject</type>
					<code><![CDATA[	public function HandlePolicyViolation($oEmail, $sPolicyViolation, $oRawEmail = null, $sAdditionalErrorMessage = '')
	{
	
		// Rather than informing the admin, we need to inform the sender who doesn't follow guidelines.		
		// You can try user education, but sometimes you need to rely on enforcing policies rather than just giving in.
		$sTo = $oEmail->sCallerEmail;
		$sFrom = $this->Get('notify_from'); 
	
		// Policy violations have a typical way of handling.
		// The behavior is usually one of the following:
		// - bounce and delete the message
		// - delete the message
		// - mark as undesired (stays in the mailbox for a few days)
		// - fallback (usually ignoring or using default values, shouldn't end up here.)  
		
		$this->Trace("HandlePolicyViolation($sPolicyViolation): The behavior for {$sPolicyViolation} is {$this->Get( $sPolicyViolation.'_behavior')}");
		
		switch( $this->Get( $sPolicyViolation.'_behavior' ) ){
		
			// Generic cases
			case 'bounce_delete':
			case 'bounce_mark_as_undesired':
				
				// $oRawEmail->GetSize()." bytes) than the maximum configured size (maximum_email_size = ".EmailBackgroundProcess::$iMaxEmailSize
								
				$sSubject = $this->Get( $sPolicyViolation.'_subject' );
				$sBody = $this->Get( $sPolicyViolation.'_notification'); 
				
				// Allow some customization in the bounce message
				$sSubject = $this->ReplaceMailVariables($sSubject, $oEmail);
				$sBody = $this->ReplaceMailVariables($sBody, $oEmail);
				
				// Return to sender.
				if($sTo == ''){ 
					$this->Trace("HandlePolicyViolation($sPolicyViolation): No 'to' defined, skipping.");
				}
				elseif($sFrom == ''){ 
					$this->Trace("HandlePolicyViolation($sPolicyViolation): No 'from' defined, skipping.");
				}
				else if($oRawEmail){
					$this->Trace("Raw Email: ".$sSubject."\n\n".strip_tags($sBody));
					$oRawEmail->SendAsAttachment($sTo, $sFrom, $sSubject, $sBody);
				}
				
				switch( $this->Get( $sPolicyViolation.'_behavior' ) ) {
					case 'bounce_delete': 
						$this->Trace("Set next action for EmailProcessor to DELETE_MESSAGE");
						$this->SetNextAction(EmailProcessor::DELETE_MESSAGE); // Remove the message from the mailbox
						$sLastAction = "<p>The eMail was deleted from the mailbox after being bounced to sender (".$sTo.").</p>\n";			
						break;
						
					case 'bounce_mark_as_undesired':
						$this->Trace("Set next action for EmailProcessor to MARK_MESSAGE_AS_UNDESIRED");
						$this->SetNextAction(EmailProcessor::MARK_MESSAGE_AS_UNDESIRED); // Keep the message temporarily in the mailbox, but marked as undesired
						$sLastAction = "<p>The eMail is marked as undesired and will be deleted after the specified interval.</p>\n";
						break; 
						
					default: 
						// Unexpected
					
				}
				break;
				
			case 'delete': 
				$this->Trace("Set next action for EmailProcessor to DELETE_MESSAGE");
				$this->SetNextAction(EmailProcessor::DELETE_MESSAGE); // Remove the message from the mailbox
				$sLastAction = "<p>The eMail was deleted from the mailbox.</p>\n";			
				break;
				
			// Mark as error should be irrelevant now. Keeping it just in case.
			case 'mark_as_error': 
				$this->Trace("Set next action for EmailProcessor to MARK_MESSAGE_AS_ERROR");
				$this->SetNextAction(EmailProcessor::MARK_MESSAGE_AS_ERROR); // Keep the message in the mailbox, but marked as error
				$sLastAction = "<p>The eMail is marked as error and will be ignored in further processing of the mailbox.</p>\n";
				break;
				 
			case 'mark_as_undesired': 
				$this->Trace("Set next action for EmailProcessor to MARK_MESSAGE_AS_UNDESIRED");
				$this->SetNextAction(EmailProcessor::MARK_MESSAGE_AS_UNDESIRED); // Keep the message temporarily in the mailbox, but marked as undesired
				$sLastAction = "<p>The eMail is marked as undesired and will be deleted after the specified interval.</p>\n";
				break;
				
			// One fallback
			// Any specific fallback (policy_other_recipients_behavior)
			case 'fallback': 
			default: 
			
				$this->Trace("HandlePolicyViolation ending up in a fallback/default for {$sPolicyViolation}");
				 
				
		}
		 
		
		 
	}]]></code>
				</method>

				<!-- Start policies -->

				<method id="IsUndesired">

					<comment><![CDATA[/**
	 * Check all policies to see if the email is considered as "undesired"
	 * @param EmailMessage $oEmail The message to check
	 * @param Ticket $oTicket The ticket which is being modified (Ticket or null)
	 * @return Object ( boolean bUndesired, Person 'Caller' )
	 */]]></comment>
					<static>false</static>
					<access>protected</access>
					<type>Overload-DBObject</type>
					<code><![CDATA[	protected function IsUndesired(EmailMessage $oEmail, /* Ticket or null */ $oTicket)
	{
		

		// --- Policies ---
		// Start to check if mails are compliant with policies.  
		// The generic HandlePolicyViolation will take care of default actions (bounce, delete, mark as undesired ...)
		// Fallbacks are handled in specific functions. 
		// For example 'no subject' is allowed, it will be handled later on in CreateTicketFromEmail 
		
		$oCaller = null; 
		
		// ### Policy: Forbidden Attachments.
		$this->Trace(".. Policy: forbidden attachments. Behavior: {$this->Get('policy_forbidden_attachments_behavior')}");
		
			if( $this->Get('policy_forbidden_attachments_behavior') == 'fallback' ) {
				// Will be processed. Forbidden attachments will be ignored. So fallback does not make sense.
			}
			elseif( $this->Get('policy_forbidden_attachments_mimetypes') != '' ) {
			
				// Get list of forbidden file types 
				$aForbiddenMimeTypes = preg_split('/\\r\\n|\\r|\\n/', $this->Get('policy_forbidden_attachments_mimetypes') );
				
				$this->Trace(".. testing for these forbidden MimeTypes: " . implode(" - ", $aForbiddenMimeTypes) );
								 
				// Forbidden attachments? 
				foreach($oEmail->aAttachments as $aAttachment)
				{ 
					$this->Trace(".. MimeType: {$aAttachment['mimeType']}");
					if ( in_array( $aAttachment['mimeType'], $aForbiddenMimeTypes ) )
					{
						$this->Trace("The message '{$oEmail->sSubject}' is considered as undesired, since it contains an attachment with forbidden MimeType {$aAttachment['mimeType']}");
						return (object)['bUndesired' => true, 'sPolicyId' => 'policy_forbidden_attachments'];
					}
				}
				
			}
			
		// ### Policy: Mail Size
		$this->Trace(".. Policy: mail size");
		
			$oRawEmail = $oEmail->oRawEmail;
			
			if ( $oRawEmail->GetSize() > $this->Get('policy_mail_size_too_big_max_size_MB') * 1024 * 1024 )
			{
				// Mail size too big  
				$this->Trace("The message '{$oEmail->sSubject}' is considered as undesired, since the mail size is too big (mail = '".($oRawEmail->GetSize()/1024/1024)." MB = {$oRawEmail->GetSize()}' bytes, limit = '{$this->Get('policy_mail_size_too_big_max_size_MB')}' MB = '".($this->Get('policy_mail_size_too_big_max_size_MB')*1024*1024)."' bytes ) ");
				return (object)["bUndesired" => true, 'sPolicyId' => 'policy_mail_size_too_big'];
			}
		
		// ### Policy: No subject
		$this->Trace(".. Policy: no subject");	
		
			if( $this->Get('policy_no_subject_behavior') == 'fallback') {
				 // Will use default subject.
			}
			else {
			
				if( $oEmail->sSubject == '' && in_array($this->Get('policy_no_subject_behavior'), ['bounce_delete', 'bounce_mark_as_undesired', 'delete', 'mark_as_undesired']) == true ) {
					$this->Trace("The message '{$oEmail->sSubject}' is considered as undesired, since it has no subject."); 
					return (object)["bUndesired" => true, 'sPolicyId' => 'policy_no_subject'];
				}
		
			}
		
		// ### Policy: No other recipients 
		$this->Trace(".. Policy: no other recipients");
		
			// To implement: check for other recipients in To: or CC: . 
			// Or check if this mailbox (or aliases) are missing in 'To:' (which would happen in BCC)
			
			// Fallback.
			if( in_array( $this->Get('policy_other_recipients_behavior'), ['add_existing_contacts','add_all_contacts','ignore_all_contacts'] ) ){
				// Contacts will be added or ignored.
			} 
			else {
				
				$aAdditionalContacts = array_merge($oEmail->aTos, $oEmail->aCCs); // Take both the To: and CC:, no actual merge since the keys of the arrays are numeric (i.e. 0, 1, 2...)
				$aExcludeContacts = array_merge( [ $oEmail->sCallerEmail ] , preg_split('/\\r\\n|\\r|\\n/' , $this->Get('mail_aliases') )  );

				foreach($aAdditionalContacts as $aInfo)
				{
					// If we find an email address which is from a third party, and it's not:
					// - the original caller 
					// - an alias for this mailbox (can also be seen as: 'personal mail address from IT-staff moved to shared mailbox), 
					// then we're dealing with an undesired message. (another person in To:, CC:)
					if ( !in_array( $aInfo['email'] , $aExcludeContacts ) ) 
					{
						// Found other contacts in To: or CC: 
						$this->Trace("The message '{$oEmail->sSubject}' is considered as undesired, since it contains another recipient (missing alias or unwanted): {$aInfo['email']}");
						return (object)["bUndesired" => true, 'sPolicyId' => 'policy_other_recipients'];
					} 
				}
			}
			
		// ### Policy: No unknown ticket references
			// null object means there was no ticket.
			if( $oTicket === null ) {
			
				// We could be handling a new ticket! 
				// So we would need to check if there was something (header or pattern in subject) which would have lead us to believe there was a ticket. 
			 
				// Why undesired? Because of a pattern in the subject; or an email header? 
				
				// Are there patterns which should be ignored/removed from the title? 
				// To find the reference, let's remove it from our temp variable. 
				// We'll remove it elsewhere if it really needs to be gone.
				// Patterns should be specified 1 per line		
				$sSubject = $oEmail->sSubject;
				if( $this->Get('policy_remove_pattern_patterns') != '' && $this->Get('policy_remove_pattern_behavior') == 'delete' ) {
				
					$aRemoveTitlePatterns = explode('/\\r\\n|\\r|\\n/', $this->Get('policy_remove_pattern_patterns'));
					
					foreach( $aRemoveTitlePatterns as $sRemoveTitlePattern ) {
						$oPregMatch = @preg_match($sRemoveTitlePattern, $sSubject);
						
						if( $oPregMatch === false) {
							$this->Trace("... Invalid pattern: {$sRemoveTitlePattern}");
							break;
						}
						elseif( $oPregMatch != false ) {
							$sSubject = preg_replace($sRemoveTitlePattern, '', $sSubject);
						}
						else {
							// Just not matching
						}
						
					}
				}
				
				$sPattern = $this->FixPattern($this->Get('title_pattern'));
				if(($sPattern != '') && (preg_match($sPattern, $sSubject, $aMatches))) {
					$this->Trace("The message '{$oEmail->sSubject}' is considered as undesired, since it could not be linked to any prior ticket despite a pattern in the subject ('{$sPattern}').");
					return (object)["bUndesired" => true, 'sPolicyId' => 'policy_ticket_unknown'];
				} 
				elseif( $oEmail->oRelatedObject != null ) {
					$this->Trace("The message '{$oEmail->sSubject}' is considered as undesired, since it could not be linked to any prior ticket despite an email header ({$oEmail->oRelatedObject}).");
					return (object)["bUndesired" => true, 'sPolicyId' => 'policy_ticket_unknown'];
				}
				
			}
		
		// ### Policy: Resolved tickets 
		$this->Trace(".. Policy: resolved tickets");
		
			if( $oTicket !== null ) {
				if( $oTicket->Get('status') == 'resolved' ) {
					switch( $this->Get('policy_ticket_resolved_behavior') ) { 
						case 'bounce_delete': 
						case 'bounce_mark_as_undesired':
						case 'delete': 
						case 'mark_as_undesired':
							$this->Trace("The message '{$oEmail->sSubject}' IS undesired, since the ticket has been resolved."); 
							return (object)["bUndesired" => true, 'sPolicyId' => 'policy_ticket_resolved'];			
							break;
							 
						case 'fallback': 
							// Reopen ticket
							$this->Trace("The message '{$oEmail->sSubject}' is NOT undesired, but ticket must be reopened."); 
							$oTicket->ApplyStimulus('ev_reopen');
							break; 
							
						default:
							// Should not happen.
							$this->Trace("Unknown action for resolved tickets.");
							break; 
						
					}
				}
			}	
		
		// ### Policy: Closed tickets
		$this->Trace(".. Policy: closed tickets");
		
			if( $oTicket !== null ) {
				if( $oTicket->Get('status') == 'closed' ) {
					switch( $this->Get('policy_ticket_closed_behavior') ) {
						case 'bounce_delete': 
						case 'bounce_mark_as_undesired':
						case 'delete': 
						case 'mark_as_undesired':
							$this->Trace("The message '{$oEmail->sSubject}' IS undesired, since the ticket has been closed."); 
							return (object)['bUndesired' => true, 'sPolicyId' => 'policy_ticket_closed'];		
							break; 
							 
						case 'fallback': 
							// Reopen ticket
							$this->Trace("The message '{$oEmail->sSubject}' is NOT undesired, but ticket must be reopened.");
							$oTicket->ApplyStimulus('ev_reopen');
							break; 
							
						default:
							// Should not happen.
							$this->Trace("Unknown action for closed tickets.");
							break; 
						
					}
				}
			}
		
		// ### Policy: Undesired patterns in subject
		$this->Trace(".. Policy: undesired patterns: '{$this->Get('policy_undesired_pattern_patterns')}' - subject: '{$oEmail->sSubject}'");
		 		
			if( $this->Get('policy_undesired_pattern_patterns') != '' ) { 
			
				// Go over each pattern and check.
				$aUndesiredSubjectPatterns = preg_split('/\\r\\n|\\r|\\n/', $this->Get('policy_undesired_pattern_patterns') ); 

				foreach($aUndesiredSubjectPatterns as $sPattern)
				{
					$oPregMatched = @preg_match($sPattern, $oEmail->sSubject);
					
					if($oPregMatched === false) {
						$this->Trace("... Invalid pattern: '{$sPattern}'");
					}
					elseif (preg_match($sPattern, $oEmail->sSubject))
					{
						$this->Trace(".... The message '{$oEmail->sSubject}' is considered as undesired, since it matches {$sPattern}."); 
						return (object)['bUndesired' => true, 'sPolicyId' => 'policy_undesired_pattern'];
					}
					else {
						$this->Trace("... Pattern '{$sPattern}' not matched");
					}
				}
			}
		 
		
		// ### Policy: Unknown caller
		$this->Trace(".. Policy: unknown caller");
		 
			$sContactQuery = 'SELECT Person WHERE email = :email';
			$oSet = new DBObjectSet(DBObjectSearch::FromOQL($sContactQuery), array(), array('email' => $oEmail->sCallerEmail));
			$sAdditionalDescription = '';
			switch($oSet->Count())
			{
				case 1:
					// Ok, the caller was found in iTop
					$this->Trace(".... Contact found for the email address '{$oEmail->sCallerEmail}'");
					$oCaller = $oSet->Fetch();
					break;
					
				case 0: 
					switch($this->Get('policy_unknown_caller_behavior'))
					{ 
						case 'bounce_delete': 
						case 'bounce_mark_as_undesired':
						case 'delete': 
						case 'mark_as_undesired':
							$this->Trace(".... No contact found for the email address '{$oEmail->sCallerEmail}', the email will not be processed"); 
							return (object)['bUndesired' => true, 'sPolicyId' => 'policy_unknown_caller'];
							break;
						
						case 'fallback':
						default:
							$this->Trace(".... Creating a new Person for the email: {$oEmail->sCallerEmail}");
							$oCaller = new Person();
							$oCaller->Set('email', $oEmail->sCallerEmail);
							$sDefaultValues = $this->Get('policy_unknown_caller_default_values');
							$aDefaults = explode("\n", $sDefaultValues);
							$aDefaultValues = array();
							foreach($aDefaults as $sLine)
							{
								if (preg_match('/^([^:]+):(.*)$/', $sLine, $aMatches))
								{
									$sAttCode = trim($aMatches[1]);
									$sValue = trim($aMatches[2]);
									$aDefaultValues[$sAttCode] = $sValue;
								}
							}
							$this->InitObjectFromDefaultValues($oCaller, $aDefaultValues);
							try
							{
								// Creating a CMDBChange is no longer needed in 2.0, but let's keep doing it for compatibility with 1.x
								$oMyChange = MetaModel::NewObject("CMDBChange");
								$oMyChange->Set("date", time());
								$sUserString = CMDBChange::GetCurrentUserName();
								$oMyChange->Set("userinfo", $sUserString);
								$iChangeId = $oMyChange->DBInsert();
								$oCaller->DBInsertTracked($oMyChange);					
							}
							catch(Exception $e)
							{
								// This is an actual error.
								$this->Trace(".... Failed to create a Person for the email address '{$oEmail->sCallerEmail}'.");
								$this->Trace($e->getMessage());
								$this->HandleError($oEmail, 'failed_to_create_contact', $oEmail->oRawEmail);
								return null;
							}
						
					}			
					break;
				
				default:
					$this->Trace(".... Found {$oSet->Count()} callers with the same email address '{$oEmail->sCallerEmail}.', the first one will be used.");
					// Multiple callers with the same email address !!!
					$oCaller = $oSet->Fetch();
			}
		
		// End of checking if ticket is compliant with policies.  
		 
		
		return (object)[
			'bUndesired' => false,
			'oCaller' => $oCaller 
		];
		
		
	}]]></code>
				</method>



				<method id="FixPattern">
					<comment>/**
	 * Make sure that the given string is a proper PCRE pattern by surrounding
	 * it with slashes, if needed
	 * @param string $sPattern The pattern to check (can be an empty string)
	 * @return string The valid pattern (or an empty string)
	 */</comment>
					<static>false</static>
					<access>protected</access>
					<type>Overload-DBObject</type>
					<code><![CDATA[	protected function FixPattern($sPattern)
	{
		$sReturn = $sPattern;
		if ($sPattern != '')
		{
			$sFirstChar = substr($sPattern, 0, 1);
			$sLastChar = substr($sPattern, -1, 1);
			if (($sFirstChar != $sLastChar) || preg_match('/[0-9A-Z-a-z]/', $sFirstChar) || preg_match('/[0-9A-Z-a-z]/', $sLastChar))
			{
				// Missing delimiter patterns
				$sReturn = '/'.$sPattern.'/';
			}
		}
		return $sReturn;
	}]]></code>
				</method>

				<method id="ReplaceMailVariables">
					<comment>/**
	 * Replace variables in a string with info from incoming EmailMessage 
	 * @param string $sString The string to work with
	 * @param string $oEmail The Email Message to derive from
	 * @return string The string 
	 */</comment>
					<static>false</static>
					<access>protected</access>
					<type>Overload-DBObject</type>
					<code><![CDATA[	protected function ReplaceMailVariables($sString, EmailMessage $oEmail )
	{	
		// Could be extended with properties from EmailMessage class 
		
		// No double quotes here (otherwise $mail is interpreted as a PHP object)	
		// Patch string (html in body) 
		$sString = str_ireplace('$mail-&gt;', '$mail->', $sString);
		
		$aFind = [
			'$mail->UIDL',
			'$mail->MessageId', 
			'$mail->Subject',
			'$mail->CallerEmail',
			'$mail->CallerName',
			'$mail->Recipient',
			'$mail->Date',
			'$mail->BodyTextPlain',
			'$mail->BodyText',
			'$mail->BodyFormat'
		];
		
		$aReplacement = [
			$oEmail->sUIDL,
			$oEmail->sMessageId,
			$oEmail->sSubject,
			$oEmail->sCallerEmail,
			$oEmail->sCallerName,
			$oEmail->sRecipient,
			$oEmail->sDate,
			strip_tags($oEmail->sBodyText), 
			$oEmail->sBodyText,
			$oEmail->sBodyFormat 
		]; 
		 
		// Let's not be picky (case insensitive ok)
		// For some reason, it stays case sensitive?
		$sString = str_ireplace($aFind, $aReplacement, $sString);
		
		return $sString; 
		
	}]]></code>
				</method>
			</methods>
			<presentation>
				<details>
					<items>
						<!-- Mailbox settings -->
						<item id="fieldset:MailInbox:Server">
							<rank>10</rank>
							<items>
								<item id="server">
									<rank>10</rank>
								</item>
								<item id="login">
									<rank>20</rank>
								</item>
								<item id="password">
									<rank>30</rank>
								</item>
								<item id="protocol">
									<rank>40</rank>
								</item>
								<item id="port">
									<rank>50</rank>
								</item>
								<item id="mailbox">
									<rank>60</rank>
								</item>
								<item id="notify_from">
									<rank>70</rank>
								</item>
								<item id="active">
									<rank>80</rank>
								</item>
								<item id="trace">
									<rank>90</rank>
								</item>
								<item id="mail_aliases">
									<rank>100</rank>
								</item>
							</items>
						</item>

						<!-- Default behavior and class -->
						<item id="fieldset:MailInbox:Behavior">
							<rank>20</rank>
							<items>
								<item id="behavior">
									<rank>10</rank>
								</item>
								<item id="email_storage">
									<rank>20</rank>
								</item>
								<item id="target_class">
									<rank>30</rank>
								</item>
								<item id="ticket_default_values">
									<rank>40</rank>
								</item>
								<!-- <item id="ticket_default_title"> -->
								<!-- <rank>50</rank> -->
								<!-- </item> -->
								<item id="title_pattern">
									<rank>60</rank>
								</item>
								<item id="stimuli">
									<rank>70</rank>
								</item>
							</items>
						</item>

						<!-- Errors in processing -->
						<item id="fieldset:MailInbox:Errors">
							<rank>30</rank>
							<items>
								<item id="error_behavior">
									<rank>10</rank>
								</item>
								<item id="notify_errors_to">
									<rank>20</rank>
								</item>
							</items>
						</item>

						<!-- ################################# POLICIES ####################### -->

						<!-- Mail (attachments) size too large -->
						<item id="fieldset:MailInbox:PolicyMailSize">
							<rank>110</rank>
							<items>
								<item id="policy_mail_size_too_big_behavior">
									<rank>10</rank>
								</item>
								<item id="policy_mail_size_too_big_subject">
									<rank>15</rank>
								</item>
								<item id="policy_mail_size_too_big_notification">
									<rank>20</rank>
								</item>
								<item id="policy_mail_size_too_big_max_size_MB">
									<rank>30</rank>
								</item>
							</items>
						</item> 


						<!-- Mail (attachments) size too large -->
						<item id="fieldset:MailInbox:PolicyForbiddenAttachments">
							<rank>120</rank>
							<items>
								<item id="policy_forbidden_attachments_behavior">
									<rank>10</rank>
								</item>
								<item id="policy_forbidden_attachments_subject">
									<rank>15</rank>
								</item>
								<item id="policy_forbidden_attachments_notification">
									<rank>20</rank>
								</item>
								<item id="policy_forbidden_attachments_mimetypes">
									<rank>30</rank>
								</item>
							</items>
						</item> 

						<!-- No subject -->
						<item id="fieldset:MailInbox:PolicyNoSubject">
							<rank>130</rank>
							<items>
								<item id="policy_no_subject_behavior">
									<rank>10</rank>
								</item>
								<item id="policy_no_subject_subject">
									<rank>15</rank>
								</item>
								<item id="policy_no_subject_notification">
									<rank>20</rank>
								</item>
								<item id="policy_no_subject_default_value">
									<rank>30</rank>
								</item>
							</items>
						</item> 

						<!-- Closed ticket -->
						<item id="fieldset:MailInbox:PolicyClosedTicket">
							<rank>140</rank>
							<items>
								<item id="policy_ticket_closed_behavior">
									<rank>10</rank>
								</item>
								<item id="policy_ticket_closed_subject">
									<rank>15</rank>
								</item>
								<item id="policy_ticket_closed_notification">
									<rank>20</rank>
								</item> 
							</items>
						</item> 

						<!-- Resolved ticket -->
						<item id="fieldset:MailInbox:PolicyResolvedTicket">
							<rank>141</rank>
							<items>
								<item id="policy_ticket_resolved_behavior">
									<rank>10</rank>
								</item>
								<item id="policy_ticket_resolved_subject">
									<rank>15</rank>
								</item>
								<item id="policy_ticket_resolved_notification">
									<rank>20</rank>
								</item> 
							</items>
						</item> 

						<!-- Unknown ticket -->
						<item id="fieldset:MailInbox:PolicyUnknownTicket">
							<rank>150</rank>
							<items>
								<item id="policy_ticket_unknown_behavior">
									<rank>10</rank>
								</item>
								<item id="policy_ticket_unknown_subject">
									<rank>15</rank>
								</item>
								<item id="policy_ticket_unknown_notification">
									<rank>20</rank>
								</item> 
							</items>
						</item> 

						<!-- Unknown caller -->
						<item id="fieldset:MailInbox:PolicyUnknownCaller">
							<rank>160</rank>
							<items>
								<item id="policy_unknown_caller_behavior">
									<rank>10</rank>
								</item>
								<item id="policy_unknown_caller_subject">
									<rank>15</rank>
								</item>
								<item id="policy_unknown_caller_notification">
									<rank>20</rank>
								</item>
								<item id="policy_unknown_caller_default_values">
									<rank>30</rank>
								</item>
							</items>
						</item> 

						<!-- Other contacts -->
						<item id="fieldset:MailInbox:PolicyOtherRecipients">
							<rank>170</rank>
							<items>
								<item id="policy_other_recipients_behavior">
									<rank>10</rank>
								</item>
								<item id="policy_other_recipients_subject">
									<rank>15</rank>
								</item>
								<item id="policy_other_recipients_notification">
									<rank>20</rank>
								</item> 
							</items>
						</item> 

						<!-- Undesired pattern behavior -->
						<item id="fieldset:MailInbox:PolicyUndesiredPattern">
							<rank>180</rank>
							<items>
								<item id="policy_undesired_pattern_behavior">
									<rank>10</rank>
								</item>
								<item id="policy_undesired_pattern_subject">
									<rank>15</rank>
								</item>
								<item id="policy_undesired_pattern_notification">
									<rank>20</rank>
								</item> 
								<item id="policy_undesired_pattern_patterns">
									<rank>30</rank>
								</item> 
							</items>
						</item> 

						<!-- Remove/ignore pattern behavior -->
						<item id="fieldset:MailInbox:PolicyIgnoreRemovePattern">
							<rank>190</rank>
							<items>
								<item id="policy_remove_pattern_behavior">
									<rank>10</rank>
								</item> 
								<item id="policy_remove_pattern_patterns">
									<rank>20</rank>
								</item> 
							</items>
						</item> 


					</items>
				</details>
				<search>
					<items>
						<item id="server">
							<rank>10</rank>
						</item>
						<item id="login">
							<rank>20</rank>
						</item>
						<item id="mailbox">
							<rank>30</rank>
						</item>
						<item id="protocol">
							<rank>40</rank>
						</item>
						<item id="active">
							<rank>50</rank>
						</item>
					</items>
				</search>
				<list>
					<items>
						<item id="server">
							<rank>10</rank>
						</item>
						<item id="mailbox">
							<rank>20</rank>
						</item>
						<item id="protocol">
							<rank>30</rank>
						</item>
						<item id="active">
							<rank>40</rank>
						</item>
					</items>
				</list>
			</presentation>
		</class>
	</classes>
	<menus>
		<menu id="AdminTools" xsi:type="MenuGroup" _delta="define_if_not_exists">
			<rank>80</rank>
			<enable_admin_only>1</enable_admin_only>
		</menu>
		<menu id="MailInboxes" xsi:type="OQLMenuNode" _delta="define">
			<rank>20</rank>
			<parent>AdminTools</parent>
			<oql><![CDATA[SELECT MailInboxStandard]]></oql>
			<do_search>1</do_search>
			<enable_admin_only>1</enable_admin_only>
		</menu>
	</menus>
</itop_design>
