<?xml version="1.0" encoding="UTF-8"?>
<extension format="1.0">
	<extension_code>jb-mail-to-ticket-automation</extension_code>
	<company></company>
	<author><![CDATA[jbostoen]]></author>
	<label><![CDATA[Feature: Mail to ticket automation]]></label>
	<description><![CDATA[Scan several mailboxes to create or update tickets.]]></description>
	<version>2.6.190822</version>
	<release_date>2019-08-22</release_date>
	<version_description><![CDATA[ ]]></version_description>
	<itop_version_min>2.6.0</itop_version_min>
	<status>stable</status>
	<mandatory>false</mandatory>
	<more_info_url>https://github.com/jbostoen/iTop-custom-extensions/</more_info_url>
</extension>
